Time (ms),EMG1,EMG2,EMG3,EMG4,AccX,AccY,AccZ,GyroX,GyroY,GyroZ
305,303,349,80,12800,-9636,2268,128,88,-102
1560.074,305,303,341,82,12740,-9656,2184,123,38,-92
1566.664,306,305,334,82,12780,-9616,2148,139,21,-89
1570.177,305,312,331,78,12820,-9664,2196,163,-18,-102
1570.177,304,317,326,78,12784,-9688,2200,181,-6,-105
1580.2069999999999,304,316,318,81,12804,-9648,2124,212,-13,-148
1582.215,305,316,311,83,12844,-9724,2172,254,-5,-200
1592.294,304,321,309,80,12868,-9716,2108,279,51,-185
1592.294,303,322,304,82,12884,-9720,2144,292,72,-200
1600.402,304,319,297,87,12920,-9760,2164,260,135,-198
1602.412,304,317,293,90,12912,-9832,2120,199,135,-160
1612.636,304,322,291,89,12880,-9808,2092,184,142,-115
1612.636,305,324,288,92,12896,-9876,2152,185,153,-108
1622.808,306,322,283,99,12912,-9844,2168,180,179,-114
1622.808,307,322,279,103,12924,-9812,2192,171,184,-117
1633.4070000000002,306,328,280,104,12932,-9772,2220,153,166,-112
1633.4070000000002,307,331,277,109,12944,-9704,2200,192,137,-92
1642.932,308,329,273,118,12972,-9708,2188,218,144,-95
1644.442,308,329,270,124,12896,-9688,2208,184,146,-94
1650.9579999999999,307,333,271,128,12940,-9668,2248,153,179,-67
1655.6029999999998,306,334,270,134,12852,-9544,2228,139,184,-43
1663.127,307,330,267,144,12832,-9656,2216,59,240,17
1666.7430000000002,306,328,265,153,12876,-9696,2212,22,326,74
1671.263,305,332,267,156,12780,-9688,2248,-100,386,75
1677.841,304,333,266,165,12812,-9684,2244,-178,404,78
1683.368,305,330,263,176,12796,-9688,2260,-261,382,51
1683.368,304,330,261,185,12792,-9804,2184,-311,380,116
1691.4279999999999,302,335,263,189,12776,-9784,2224,-360,417,85
1693.438,302,336,262,198,12736,-9824,2196,-387,486,95
1703.5240000000001,302,333,259,210,12768,-9864,2220,-324,521,90
1703.5240000000001,302,330,257,219,12788,-9940,2200,-344,606,87
1711.82,300,331,259,223,12788,-9972,2212,-332,650,73
1711.82,300,329,257,232,12820,-10000,2292,-407,691,72
1723.746,300,322,253,242,12744,-10004,2348,-435,735,98
1723.746,300,318,251,250,12728,-10100,2376,-496,761,88
1733.3529999999998,299,321,252,254,12784,-10248,2448,-524,777,130
1733.3529999999998,300,321,249,260,12808,-10300,2492,-525,789,167
1741.858,301,318,244,268,12820,-10412,2520,-547,790,198
1744.397,301,318,240,273,12832,-10408,2520,-518,726,257
1744.397,300,322,240,272,12892,-10512,2428,-452,647,264
1755.576,301,323,236,275,12928,-10492,2436,-322,589,268
1755.576,302,319,232,278,12920,-10472,2436,-179,518,300
1766.7459999999999,303,315,229,278,12888,-10448,2456,-81,527,327
1766.7459999999999,302,317,229,273,12916,-10412,2432,-61,542,470
1777.903,303,315,227,270,12816,-10480,2432,-48,585,592
1777.903,306,309,223,268,12776,-10552,2460,-128,689,691
1789.0140000000001,306,307,221,263,12776,-10692,2484,-197,779,742
1789.0140000000001,307,311,221,253,12724,-10636,2524,-235,840,789
1789.0140000000001,307,314,219,244,12752,-10676,2612,-273,853,862
1800.0910000000001,309,313,214,235,12728,-10688,2616,-294,813,974
1800.0910000000001,310,316,212,221,12724,-10612,2556,-309,768,1097
1811.068,309,324,212,200,12648,-10588,2616,-296,709,1186
1811.068,310,326,211,179,12612,-10624,2600,-218,683,1235
1822.391,310,325,210,146,12592,-10668,2628,-178,696,1296
1822.391,309,323,210,117,12540,-10748,2636,-124,713,1367
1833.367,307,327,215,91,12580,-10772,2580,-118,757,1470
1833.367,307,326,218,75,12560,-10824,2624,-114,860,1510
1841.871,307,322,219,65,12560,-10888,2712,-198,966,1562
1844.443,306,320,223,58,12620,-10920,2712,-244,1043,1654
1844.443,304,323,230,50,12620,-11016,2752,-339,1128,1729
1857.294,304,324,234,50,12620,-11000,2816,-431,1166,1855
1857.294,303,322,234,54,12608,-11000,2868,-610,1178,1975
1866.7350000000001,301,323,234,57,12624,-11088,2912,-775,1229,2144
1866.7350000000001,300,328,231,60,12660,-11176,2852,-943,1261,2309
1877.729,298,328,216,68,12648,-11292,2796,-1051,1277,2482
1877.729,298,325,207,79,12716,-11284,2748,-1151,1291,2593
1888.525,295,323,205,88,12744,-11352,2676,-1264,1294,2710
1889.408,291,326,208,94,12768,-11360,2532,-1123,1153,2919
1889.408,288,323,210,108,12656,-11332,2672,-1552,1427,2978
1904.869,285,319,211,126,12652,-11432,2576,-1688,1551,3118
1904.869,285,318,216,145,12740,-11564,2724,-1903,1793,3352
1911.3880000000001,285,323,223,162,12768,-11692,2672,-2204,1952,3599
1911.3880000000001,287,325,227,184,12768,-11848,2740,-2499,2085,3791
1922.496,290,325,231,207,12660,-11928,2740,-2848,2214,3913
1922.496,292,329,237,229,12768,-11952,2784,-3156,2272,4074
1933.964,293,338,245,254,12776,-11988,2864,-3426,2321,4260
1936.108,297,343,249,287,12760,-12000,2860,-3673,2386,4525
1946.022,301,343,251,318,12756,-12116,2908,-3906,2565,4758
1950.0230000000001,305,345,256,352,12696,-12088,2924,-4092,2703,5026
1954.024,309,351,260,400,12632,-12228,2812,-4305,2813,5252
1958.378,319,351,258,465,12568,-12284,2836,-4530,2930,5486
1962.49,332,347,254,537,12532,-12420,2760,-4729,3014,5662
1966.342,339,347,253,607,12420,-12424,2768,-4962,3181,5825
1966.342,341,351,255,674,12428,-12484,2684,-5064,3320,5965
1966.342,342,352,256,745,12384,-12488,2548,-5141,3564,6250
1981.966,341,350,255,816,12380,-12568,3000,-5283,3686,6324
1981.966,337,351,257,875,12356,-12672,2944,-5680,4064,6494
1981.966,330,358,262,927,12288,-12764,2624,-5403,3970,6727
1997.592,324,358,264,979,12256,-12896,2808,-5348,3997,6887
1997.592,315,355,265,1018,12280,-13020,2772,-5175,4009,7028
1997.592,303,353,266,1019,12272,-13180,3008,-5340,4083,7161
2013.218,287,355,267,1019,12372,-13280,2832,-5366,4121,7317
2013.218,269,351,260,1019,12356,-13364,2904,-5540,4263,7496
2013.218,251,342,247,1019,12340,-13500,2712,-5593,4358,7772
2013.218,233,335,231,1019,12348,-13668,2644,-5664,4534,8067
2028.845,216,333,213,1018,12300,-13940,2416,-5653,4609,8401
2028.845,203,327,191,1019,12308,-14028,2384,-5616,4659,8612
2042.351,192,320,174,1019,12176,-13912,2452,-5624,4756,8669
2042.351,179,315,169,1019,12240,-14296,2220,-5561,4691,8899
2042.351,169,310,177,1019,12136,-14264,2292,-5452,4679,9055
2057.9809999999998,162,297,194,1019,12144,-14440,2252,-5311,4746,9336
2057.9809999999998,159,271,217,1019,12128,-14864,2188,-5267,4933,9742
2057.9809999999998,156,243,250,1019,12112,-14952,2072,-5255,5060,10053
2057.9809999999998,153,216,293,1019,12204,-15140,1776,-5338,5045,10250
2073.6059999999998,154,183,346,1019,12052,-14820,1940,-5108,4984,10284
2073.6059999999998,157,146,393,1019,12096,-15072,1752,-4966,5024,10487
2089.232,163,110,428,1019,12096,-15456,1688,-4568,5240,10990
2089.232,173,78,450,1019,12096,-15764,1464,-4190,5323,11534
2089.232,186,40,454,1019,11880,-15736,1364,-3832,5197,11784
2104.858,200,11,451,1019,11940,-15816,1460,-3841,5015,11808
2104.858,213,11,447,1019,12012,-15828,1800,-3832,4962,11750
2104.858,225,11,448,1019,11984,-15828,1968,-3737,5064,12043
2104.858,236,11,453,1019,12084,-16012,1776,-3690,5029,12485
2120.495,245,11,455,1019,11928,-16040,1948,-3690,5182,13012
2120.495,249,11,458,1019,11760,-16284,1932,-3825,5207,13549
2120.495,243,11,463,1019,11444,-16144,2004,-3853,5132,13885
2136.11,226,10,466,1019,11216,-15824,2028,-4075,4977,13866
2142.614,192,11,475,1019,10984,-15784,1876,-4135,4652,13897
2150.904,158,10,491,1019,10880,-15528,1772,-4122,4344,14000
2155.0,126,11,514,1019,10556,-15316,1528,-3806,4048,14216
2155.917,99,11,534,1018,10428,-15388,1432,-3760,4017,14416
2155.917,81,11,548,1018,10260,-15504,1268,-3494,3823,14909
2155.917,73,11,558,1019,10084,-15672,1360,-2851,3888,15366
2171.542,69,19,565,1019,9820,-16020,1120,-2347,4007,15405
2171.542,69,43,568,1019,9616,-15948,1364,-1729,3657,15473
2171.542,67,76,568,1019,9344,-15632,1692,-1238,3224,15297
2187.1679999999997,67,120,569,1019,9136,-15844,1688,-956,2703,15097
2187.1679999999997,64,170,566,1019,8864,-15268,2412,-865,2597,14940
2187.1679999999997,57,211,553,1019,8552,-14932,2236,-563,2641,15029
2202.797,45,249,527,1019,8248,-14632,2252,-336,2539,15156
2202.797,43,283,500,1019,7840,-14208,2772,-403,2715,14981
2202.797,43,321,479,1019,7700,-14280,2388,-331,2525,14974
2218.4339999999997,30,357,469,1019,7508,-14180,2404,-396,2468,15011
2218.4339999999997,24,390,471,1019,7412,-14148,2028,-210,2409,15140
2218.4339999999997,16,420,479,1019,7344,-14576,1572,118,2391,15322
2218.4339999999997,0,445,482,1019,7284,-15444,752,799,2297,15654
2234.0480000000002,0,457,467,1019,7300,-15604,36,1512,2112,15626
2242.553,0,458,444,1019,7232,-16176,172,2162,2214,15355
2242.553,0,454,422,1007,7396,-16568,404,2740,2261,15020
2242.553,17,449,406,993,7560,-16548,812,3535,2280,15016
2258.1820000000002,62,440,398,982,7624,-16636,948,4330,1984,15012
2258.1820000000002,115,437,403,969,7672,-16612,1132,5190,1979,15090
2258.1820000000002,166,446,421,948,7604,-16396,1988,6006,2039,15067
2273.81,214,463,448,918,7324,-16312,2468,6401,2074,14702
2273.81,260,474,474,886,7156,-16104,2420,7043,1834,14915
2273.81,304,479,498,851,6772,-15356,2808,7083,1625,14613
2289.444,345,486,522,806,6768,-14940,2552,6841,1139,14489
2289.444,380,491,546,755,6652,-14724,2580,6340,851,14332
2289.444,414,485,566,707,6648,-14908,2696,6214,1127,14587
2305.0679999999998,442,470,585,654,6356,-14840,1948,6855,1211,15358
2305.0679999999998,468,450,610,595,6172,-14956,2256,6692,1408,15233
2305.0679999999998,485,432,632,530,5776,-15004,2052,6101,1312,14905
2305.0679999999998,498,411,647,469,5724,-15156,1800,5897,1346,14902
2320.694,504,395,656,405,5716,-15480,1560,6092,1446,15091
2320.694,506,394,660,334,5452,-15656,1844,6986,1540,15400
2320.694,505,407,661,261,5172,-16084,1824,7902,1687,15676
2336.315,504,422,653,192,4884,-16096,1772,8891,1665,15719
2342.8230000000003,498,446,639,123,4612,-16288,2300,9821,1705,15428
2346.502,489,526,614,45,4360,-15904,1968,10323,1545,15107
2346.502,476,613,562,0,4012,-15468,2192,11158,1206,14747
2346.502,446,693,477,0,3720,-15024,2176,11996,1028,14443
2362.137,400,776,417,0,3116,-14308,2228,12417,601,13949
2362.137,357,866,377,0,2868,-14016,2348,12774,436,13519
2362.137,319,964,348,0,2572,-13756,2240,13159,193,13365
2377.763,283,1013,323,0,2152,-13524,2200,13591,112,13223
2377.763,253,1013,302,0,1960,-13488,2076,13782,-160,12559
2377.763,226,1013,287,0,1868,-13840,2400,14667,-352,12562
2393.383,213,1013,277,0,1752,-13808,2340,14715,-680,12612
2393.383,211,1013,271,0,1840,-13828,2976,14778,-889,12658
2393.383,202,1014,270,0,2008,-13492,3148,14018,-1403,12341
2409.563,194,1013,273,0,2040,-12868,3664,13327,-1613,12030
2413.706,177,1014,279,0,2152,-13104,4680,13009,-1399,11821
2413.706,158,1013,284,0,2032,-12852,4580,13870,-911,12391
2413.706,144,1013,289,0,1784,-13652,4576,12986,-1344,12560
2429.332,137,1013,295,0,1468,-13508,4956,11881,-1527,12897
2429.332,137,1014,302,0,1364,-13856,4408,11130,-1125,12990
2429.332,147,1013,303,0,1268,-14332,3404,11630,-919,13546
2442.837,165,1013,304,0,868,-14836,2768,12208,-1179,13455
2442.837,187,1013,307,0,488,-15292,2292,13403,-1794,13605
2442.837,212,1013,310,0,256,-15392,2880,14038,-1963,13299
2458.468,241,1013,310,0,368,-15296,2052,14974,-2451,12965
2458.468,272,1013,309,0,-348,-14480,2596,15095,-3106,12198
2458.468,302,1013,308,0,-604,-13580,2524,15546,-3724,11187
2474.102,333,1013,307,0,-892,-12624,3116,16204,-3981,10891
2474.102,364,1014,303,0,-896,-11996,3544,16967,-4097,10761
2474.102,391,1013,299,0,-1000,-11468,4408,17324,-4334,10605
2489.725,416,1014,300,0,-1324,-10936,4288,17083,-4833,10368
2489.725,438,1013,303,0,-1640,-10156,5412,16570,-4932,9808
2489.725,460,1014,305,0,-1748,-10988,5160,16103,-5100,10014
2505.352,479,1013,304,0,-1808,-11020,4968,14913,-5525,10235
2505.352,494,1013,303,0,-1988,-10740,4604,14076,-5901,10379
2505.352,507,1013,302,0,-2180,-9908,4860,12970,-6088,9966
2505.352,518,1014,300,0,-2272,-10192,5140,12366,-6179,10071
2520.972,527,1013,298,0,-2200,-10780,5304,11899,-6385,10808
2520.972,533,1013,298,0,-2316,-10984,5560,11250,-6667,10958
2520.972,539,1013,294,0,-2452,-10284,5960,10516,-7110,10680
2536.598,545,991,281,0,-2548,-10076,6280,10106,-7329,10109
2543.105,550,969,268,0,-2564,-10032,6524,9866,-7573,9981
2543.105,553,963,256,0,-3156,-8368,7804,9607,-7139,9107
2543.105,556,966,247,0,-2880,-9880,6156,9433,-7463,8972
2558.734,560,965,235,0,-3132,-9048,7524,9174,-7359,8944
2558.734,562,970,227,0,-3092,-10460,5864,8752,-7697,8327
2558.734,563,994,228,0,-2852,-7948,8812,8706,-7900,8326
2574.3619999999996,564,1013,235,0,-2604,-11228,6468,8230,-8343,8900
2574.3619999999996,565,1013,245,0,-3064,-8604,9584,7732,-8173,8628
2574.3619999999996,564,1013,261,0,-2976,-9476,8156,7456,-8437,8665
2574.3619999999996,558,1013,282,10,-3628,-4940,12536,7341,-6714,6414
2589.9869999999996,552,1013,304,29,-3344,-6648,10028,7250,-6713,5667
2589.9869999999996,550,1013,323,59,-3064,-11152,9676,6768,-7102,6808
2605.614,545,1013,338,94,-3708,-9204,10384,6136,-6493,5945
2605.614,538,1013,353,128,-3432,-11188,7912,5591,-7433,5935
2605.614,532,1013,362,164,-3184,-12360,8540,5105,-8029,7119
2621.248,525,1014,362,204,-3564,-10756,8520,5381,-8804,7474
2621.248,516,1014,361,245,-4696,-7576,10992,5773,-8117,5861
2621.248,505,1013,362,277,-2828,-14932,7608,5400,-9709,7292
2621.248,495,1013,358,306,-3424,-10576,11168,5010,-9507,7542
2636.8740000000003,486,1013,347,334,-3704,-10100,10968,4807,-9760,7530
2643.389,477,1013,331,352,-3540,-10848,11700,4822,-9562,7735
2643.389,466,1013,309,355,-3456,-9208,12388,4473,-9192,7426
2643.389,456,1008,276,346,-3404,-9884,11988,4305,-9121,7303
2659.02,446,987,224,320,-3184,-10036,12380,4186,-8905,7771
2659.02,437,959,155,261,-3616,-9896,12524,4101,-8762,7475
2659.02,426,941,103,203,-3872,-9684,12724,4052,-8418,6880
2674.654,416,919,62,150,-3436,-9884,12924,3705,-8159,6670
2674.654,407,889,25,107,-3228,-10200,12744,3029,-8001,6543
2674.654,400,858,2,67,-2920,-11356,12132,2662,-8123,6814
2690.28,392,834,1,24,-2944,-10520,12240,2460,-7779,6828
2690.28,386,809,2,0,-3204,-10388,12120,1699,-7421,6242
2690.28,379,773,2,0,-2876,-11024,11592,1811,-7110,6555
2690.28,375,738,1,0,-2532,-11444,11272,2262,-6991,6526
2707.0820000000003,368,710,1,0,-2440,-11692,11420,2798,-6751,6569
2707.0820000000003,362,681,1,0,-2136,-11816,11508,2888,-6660,6418
2707.0820000000003,357,644,1,0,-2008,-10972,11728,3668,-6563,6130
2722.711,352,607,1,0,-2076,-10844,11772,4432,-6454,5632
2722.711,346,579,1,0,-2064,-10844,12084,4723,-6223,5210
2722.711,340,550,1,0,-1908,-10824,11976,5211,-6004,5122
2738.346,334,512,1,0,-1788,-11092,11948,5427,-5849,5128
2743.352,326,474,1,0,-1576,-10892,11996,5961,-5624,5107
2743.352,317,442,1,0,-1336,-11128,12532,6480,-5327,5006
2743.352,308,406,2,0,-1172,-11044,13196,6670,-5089,4743
2758.982,300,360,1,0,-780,-10968,13184,6448,-4768,4460
2758.982,291,313,1,0,-660,-10196,13176,5739,-4492,3898
2758.982,282,274,1,0,-344,-9640,12644,5188,-4321,3409
2774.619,273,232,1,0,-232,-9124,12260,5133,-4023,3180
2774.619,267,183,1,0,-196,-8500,11920,5172,-3916,2862
2774.619,260,137,1,0,-16,-8448,11596,5140,-3659,2597
2774.619,254,99,2,0,272,-8220,11756,5146,-3604,2505
2790.233,249,63,2,0,624,-8336,11600,5468,-3507,2267
2790.233,248,19,3,0,932,-8316,12056,5681,-3310,2073
2806.5190000000002,249,11,8,0,1200,-8500,12764,5884,-3007,1804
2806.5190000000002,248,11,19,0,1456,-8868,13208,5942,-2690,1730
2806.5190000000002,250,11,29,0,1872,-9236,13004,5737,-2503,1430
2821.494,254,11,37,0,1784,-9320,13308,5808,-2182,1062
2821.494,260,11,46,0,1480,-9532,13344,5949,-1978,762
2821.494,264,11,57,0,2160,-10224,13384,5635,-1822,530
2821.494,268,11,70,0,1900,-9984,13156,5509,-1725,265
2837.113,273,11,84,0,1548,-9604,13108,5853,-1461,-131
2843.6180000000004,277,11,104,0,1532,-8828,13756,5970,-1118,-531
2843.6180000000004,278,11,128,0,1768,-8620,14080,5653,-855,-1221
2843.6180000000004,279,11,149,0,1656,-8436,14044,4979,-582,-1754
2859.2490000000003,278,11,168,0,2144,-8728,13776,4213,-120,-2090
2859.2490000000003,276,11,187,0,2340,-9272,13828,3915,266,-2342
2859.2490000000003,276,11,208,0,2188,-8960,13856,3784,564,-2932
2874.875,277,11,227,0,2296,-8876,14024,3206,956,-3416
2874.875,280,11,243,0,2416,-8168,13748,3166,1183,-3839
2874.875,280,11,259,0,2500,-8004,13456,2850,1424,-4240
2890.5,280,11,278,0,2592,-7528,13488,2336,1735,-4457
2890.5,282,11,296,0,2616,-7324,13000,2280,1897,-4483
2890.5,280,10,311,2,2672,-6964,13004,2594,2205,-4675
2890.5,279,11,326,7,2680,-7620,13176,2606,2434,-4882
2906.126,277,11,345,9,2920,-8536,12980,2366,2574,-4661
2906.126,278,11,364,14,3144,-8532,12900,2528,2764,-4754
2906.126,281,11,381,25,3568,-8116,13260,2571,3010,-5418
2924.44,283,11,398,34,3600,-8964,13088,2328,3125,-5448
2926.219,283,11,415,35,3632,-9024,13212,1787,3315,-5599
2926.219,286,11,431,35,3820,-8844,12716,1586,3292,-5790
2926.219,290,11,446,27,3968,-8804,13088,1635,3454,-6089
2943.858,294,11,468,0,3864,-9416,13416,894,3684,-6129
2943.858,298,11,490,0,3980,-10168,13248,76,4030,-6125
2943.858,303,11,508,0,3428,-12024,13364,-254,4393,-5860
2959.495,310,11,517,0,3000,-13504,14064,-825,4602,-5905
2959.495,315,11,522,0,2612,-13772,14232,-2220,4681,-6135
2959.495,321,11,525,0,1672,-12768,13412,-3848,5128,-6800
2975.112,327,11,524,0,1656,-12656,13260,-4657,5906,-6985
2975.112,334,11,520,0,2656,-13192,11780,-4743,6111,-6115
2975.112,341,11,515,0,2144,-14604,9952,-3153,6035,-4246
2990.737,347,11,510,0,1756,-14708,9800,-1663,5681,-3944
2990.737,352,11,504,0,1532,-14684,9688,-239,5334,-4002
2990.737,360,11,496,0,1924,-14036,10040,742,4990,-4226
3006.3650000000002,366,11,486,0,2360,-13884,10356,876,4685,-4380
3006.3650000000002,370,11,480,0,2324,-13576,10852,325,4473,-4244
3006.3650000000002,375,11,472,0,1816,-13824,10532,-400,4289,-4015
3021.9990000000003,382,11,464,8,1056,-14004,10384,-526,4207,-3580
3021.9990000000003,387,11,459,16,748,-14292,10204,-863,3820,-3317
3021.9990000000003,389,11,459,19,896,-14296,10052,-1393,3443,-2946
3021.9990000000003,393,11,462,25,288,-14492,9092,-1509,3029,-2447
3037.616,397,11,465,33,-172,-13808,9148,-1966,2651,-2338
3044.121,401,11,471,37,-356,-13352,8956,-2213,2292,-2180
3044.121,403,12,478,33,-216,-13376,8940,-2306,1930,-1872
3044.121,405,11,482,30,-212,-13260,8788,-2450,1679,-1581
3059.941,410,11,484,28,4,-13400,8736,-2430,1291,-1282
3060.9449999999997,413,11,484,25,-160,-13776,8720,-1947,946,-882
3060.9449999999997,416,14,485,16,-468,-14220,9204,-1498,705,-485
3076.574,419,13,485,10,-748,-14388,9288,-1030,341,-185
3076.574,423,11,482,7,-780,-14568,9304,-624,45,132
3076.574,425,11,481,0,-816,-14480,9272,-657,-338,416
3092.2070000000003,426,15,484,0,-1088,-14236,9136,-725,-757,640
3092.2070000000003,429,16,485,0,-1632,-14240,9000,-756,-1121,931
3092.2070000000003,433,11,484,0,-2340,-14028,8880,-673,-1497,1103
3092.2070000000003,436,11,485,0,-2672,-13812,8988,-900,-1766,1304
3107.834,439,17,486,0,-3152,-13868,8564,-1149,-2229,1607
3107.834,444,21,486,0,-3608,-13484,8368,-1384,-2544,1835
3107.834,449,16,482,0,-3736,-13572,8000,-1371,-2930,2125
3123.4579999999996,453,16,479,0,-3952,-13588,7940,-1028,-3227,2461
3123.4579999999996,458,28,476,0,-4336,-13740,7792,-673,-3617,2794
3123.4579999999996,461,36,471,0,-4664,-13476,7760,-408,-4125,2954
3139.084,464,34,464,0,-4624,-13140,8028,-35,-4576,3125
3146.178,463,37,457,0,-5064,-12756,8104,642,-4908,3442
3150.178,462,52,452,0,-5276,-11788,9328,1386,-5186,3239
3155.22,459,62,444,0,-4784,-11316,10324,1582,-5549,3227
3155.22,457,64,434,0,-4800,-11304,10736,1400,-5818,3709
3155.22,453,69,425,0,-5068,-11660,10628,989,-6112,4310
3171.1839999999997,446,86,418,0,-5712,-11988,9800,1117,-6420,4804
3171.1839999999997,438,95,410,0,-6004,-10572,10176,1968,-6635,4484
3171.1839999999997,429,98,400,0,-5760,-9728,11020,2743,-7013,4270
3186.473,419,106,391,0,-5064,-9704,12088,2635,-7418,4244
3186.473,407,123,387,0,-5336,-9220,12888,1970,-7474,4770
3186.473,396,135,380,0,-5868,-8904,13008,1795,-7277,5071
3202.098,385,139,369,0,-5780,-8976,13636,2529,-7200,5074
3202.098,375,146,360,0,-5632,-8892,15316,3116,-6939,5197
3202.098,363,163,353,0,-5192,-6824,17480,3410,-6656,4748
3202.098,352,173,345,5,-4636,-8264,17260,2424,-6592,4993
3217.732,342,174,339,19,-4552,-8508,17372,1185,-6393,5419
3217.732,332,176,335,32,-5072,-9620,16288,693,-6004,5987
3217.732,321,187,335,46,-5640,-9820,15412,933,-5770,5974
3233.358,311,186,333,67,-5624,-9224,14888,1367,-5739,5566
3233.358,303,177,330,93,-5308,-8448,14360,1815,-5794,5217
3244.363,294,166,331,121,-5308,-7392,14384,2125,-5686,4954
3244.363,285,159,337,146,-5488,-7484,13708,2334,-5663,4919
3244.363,277,141,341,176,-5768,-7284,13420,2568,-5656,4882
3259.993,271,111,345,213,-5792,-6692,12996,3243,-5699,4418
3263.306,265,83,351,247,-5464,-7108,12932,3643,-5838,4380
3263.306,258,67,360,281,-5136,-6812,13096,4193,-5733,3919
3263.306,253,45,368,323,-4860,-7120,13300,4648,-5610,3754
3278.933,249,19,381,376,-4700,-7916,12952,5074,-5543,3578
3278.933,246,11,401,434,-4360,-7496,13168,5404,-5448,3692
3278.933,241,11,425,492,-4252,-8864,12752,5650,-5417,3565
3294.5660000000003,238,11,448,554,-3660,-7952,13704,5798,-5305,3474
3294.5660000000003,234,11,471,618,-3284,-7936,14156,6032,-5117,3245
3294.5660000000003,228,11,490,673,-2100,-8232,16220,5836,-4604,3133
3310.185,221,11,503,716,-940,-10820,17156,4461,-4179,4146
3310.185,216,11,505,753,-804,-12160,17544,2596,-3585,4623
3310.185,211,11,491,776,-836,-13216,17252,1469,-2976,4860
3326.4610000000002,206,11,457,772,-732,-14264,16240,1288,-2420,5257
3326.4610000000002,200,11,426,761,-744,-14192,15236,1642,-2079,5664
3326.4610000000002,196,11,397,756,-856,-13068,14596,2303,-1865,5807
3341.445,192,11,372,753,-796,-11632,14528,2980,-1589,5969
3344.4500000000003,188,11,351,745,-1156,-10224,14204,3591,-1390,5809
3344.4500000000003,183,11,333,732,-1460,-8496,14236,4163,-1066,5372
3344.4500000000003,180,11,316,724,-1516,-7124,14192,4437,-764,4845
3360.081,178,11,299,718,-1360,-5956,13940,4462,-529,4034
3360.081,175,11,285,708,-980,-5492,13820,3927,-256,3153
3360.081,173,11,273,692,-612,-5376,13616,3368,-124,2758
3375.705,171,11,258,681,-576,-5348,13448,2923,183,2725
3375.705,170,11,239,671,-468,-5480,13624,2381,437,2492
3375.705,169,11,218,658,-396,-5516,13788,2000,616,2281
3391.3410000000003,168,11,202,642,-56,-5348,13956,1722,1030,2168
3391.3410000000003,170,11,187,636,224,-5368,14492,1505,1305,1758
3391.3410000000003,175,11,173,636,436,-5664,14332,1015,1565,1351
3406.961,181,11,165,632,608,-5724,14476,520,1969,914
3406.961,187,11,161,623,692,-5904,14144,314,2338,400
3406.961,195,11,157,618,860,-6040,13992,472,2683,-197
3406.961,204,11,157,613,992,-6204,13488,626,2964,-778
3422.5910000000003,211,11,159,602,1152,-6000,13000,786,3137,-1410
3422.5910000000003,217,11,166,587,1404,-5656,12856,1076,3367,-1958
3422.5910000000003,221,11,173,573,1612,-4940,12792,1296,3434,-2505
3440.944,226,11,180,561,1844,-4476,13080,1548,3546,-3024
3444.7239999999997,228,11,191,545,2508,-3936,13452,1437,3558,-3655
3444.7239999999997,228,11,204,527,2204,-3540,13864,1485,3881,-4532
3444.7239999999997,231,11,215,514,3388,-3680,14368,983,4166,-5535
3460.35,233,11,226,504,3916,-5336,14988,384,4538,-6044
3460.35,232,11,238,492,4232,-6612,15516,-141,5179,-6386
3460.35,231,11,252,478,4936,-8540,15576,-1268,5571,-6494
3475.987,233,11,261,471,4724,-9628,15196,-2096,5789,-6299
3475.987,234,11,268,470,4564,-9576,14752,-2533,6092,-6278
3475.987,235,11,275,468,4620,-9844,13996,-3537,6093,-6098
3491.605,236,11,283,465,5644,-9068,13136,-4105,6029,-5830
3491.605,241,11,288,469,5300,-9240,12832,-4361,5969,-5374
3491.605,247,11,292,478,5272,-8816,12544,-4450,5890,-5356
3491.605,254,11,298,485,5032,-9056,12652,-4324,5875,-5117
3507.2290000000003,263,11,306,493,4884,-9384,12560,-4064,5920,-5204
3507.2290000000003,274,11,311,509,4860,-10608,12140,-4168,5885,-4950
3522.859,289,11,316,528,5060,-11464,11744,-4161,5726,-4586
3522.859,304,11,324,543,5264,-11908,11728,-3972,5422,-4738
3522.859,320,11,332,552,5116,-11416,12108,-3596,5312,-4855
3538.482,344,11,338,554,5152,-11948,12508,-3300,5456,-5058
3538.482,369,11,342,548,5112,-12176,13232,-3436,5599,-5121
3544.9860000000003,395,10,348,544,4124,-12868,13420,-3776,5863,-4953
3544.9860000000003,431,11,352,537,3636,-13648,13244,-4237,5992,-4535
3544.9860000000003,460,11,352,538,3708,-14356,12496,-4614,5873,-4048
3560.614,474,11,353,542,3652,-13936,12704,-4438,5733,-3936
3560.614,469,11,355,542,2816,-13480,11296,-3791,5425,-3891
3560.614,454,20,362,536,2240,-13044,11468,-3571,5266,-4078
3576.24,440,28,366,531,1772,-12512,11188,-3909,5142,-3932
3576.24,428,31,374,520,1448,-12072,10668,-4046,4959,-3882
3576.24,416,45,387,493,1092,-11528,10392,-4045,4827,-3859
3591.876,404,68,400,466,520,-11452,9908,-3778,4548,-3971
3591.876,397,76,410,448,248,-11548,9588,-3590,4259,-3963
3591.876,392,78,418,435,116,-11676,9548,-3304,4004,-3861
3607.5020000000004,385,94,427,421,-156,-11488,9572,-3068,3586,-3806
3607.5020000000004,383,117,437,407,-276,-11384,9240,-2928,3206,-3760
3607.5020000000004,395,126,443,400,-264,-11548,8996,-2716,2986,-3604
3607.5020000000004,406,117,447,398,-236,-11468,9528,-2460,3004,-3597
3623.1279999999997,414,130,454,395,-640,-11700,8824,-1936,2578,-3574
3623.1279999999997,421,174,463,392,-860,-11316,9164,-1517,2247,-3947
3623.1279999999997,429,216,469,397,-308,-11016,9936,-1395,2106,-3741
3638.745,433,262,472,406,-104,-10764,10744,-1873,2218,-3608
3645.251,432,319,475,413,-64,-10912,10896,-2384,2310,-3613
3645.251,427,389,476,420,-180,-11716,10768,-3110,2322,-3429
3645.251,421,452,472,433,-476,-12376,9920,-3537,2297,-3147
3660.88,415,516,466,448,-832,-13144,8656,-2973,2001,-2986
3660.88,408,589,462,458,-1124,-13344,8364,-2369,1662,-2938
3660.88,400,672,458,465,-1336,-12768,8276,-1878,1164,-2994
3676.513,395,748,452,475,-1372,-12020,8524,-1750,933,-2972
3676.513,389,824,447,484,-1824,-11752,7844,-1253,495,-3017
3676.513,382,909,444,487,-2356,-11456,8092,-1470,-104,-3088
3692.132,375,1002,443,483,-2540,-11248,8032,-1630,-126,-3036
3692.132,367,1014,437,482,-2864,-11332,8116,-1796,-372,-2999
3692.132,362,1014,430,480,-3240,-11184,8280,-1843,-857,-3131
3707.767,355,1014,425,470,-3080,-11588,8532,-2155,-907,-3071
3707.767,348,1013,422,455,-3196,-12112,8704,-2883,-987,-2866
3707.767,342,1014,416,443,-3260,-12448,9004,-3471,-873,-2657
3723.391,335,1014,410,430,-3492,-12644,8396,-3342,-1036,-2654
3723.391,327,1014,406,411,-3584,-12932,8672,-3479,-1415,-2519
3723.391,317,1013,404,388,-3660,-13504,9240,-3790,-1696,-2152
3739.019,310,1013,400,370,-4164,-13364,9160,-4013,-2114,-1906
3739.019,303,1014,395,352,-4144,-13424,8964,-4336,-2136,-1632
3745.533,296,1013,392,329,-4436,-13580,8816,-4233,-2373,-1393
3745.533,287,1014,390,303,-4812,-13172,8588,-3487,-2629,-1476
3745.533,279,1013,384,281,-4912,-12500,9552,-3498,-2841,-1459
3761.172,271,1013,378,259,-5104,-11784,10044,-3780,-2954,-1470
3767.897,260,1013,373,230,-5300,-11848,10212,-4154,-2964,-1297
3767.897,244,1013,369,198,-5468,-11684,10924,-4552,-2785,-1074
3777.4339999999997,229,1013,363,169,-5668,-11712,11068,-4529,-2646,-825
3785.211,213,1013,355,140,-5800,-11644,11576,-4367,-2579,-677
3788.477,198,1013,349,109,-5852,-11060,12244,-4086,-2467,-625
3788.477,181,1013,343,80,-5340,-10484,13520,-4092,-2323,-691
3788.477,168,1013,333,56,-4940,-10408,14316,-4458,-2088,-495
3804.102,157,1013,322,35,-5156,-10328,14972,-5022,-1602,-220
3804.102,147,1014,311,13,-5224,-10160,15284,-5479,-1154,-244
3804.102,141,1014,301,0,-4936,-10332,15340,-5694,-781,-169
3804.102,139,1013,287,0,-4904,-10644,15144,-5668,-320,-63
3819.7290000000003,139,1013,273,0,-5048,-10652,14708,-5277,-229,-67
3819.7290000000003,141,1013,261,0,-4668,-10536,14860,-5393,395,-85
3819.7290000000003,145,1013,252,0,-4500,-10428,14704,-5288,559,-126
3835.3559999999998,151,1013,241,0,-4240,-10204,14732,-5137,792,-163
3835.3559999999998,156,1013,228,0,-4200,-10124,14572,-5061,1038,-225
3845.3599999999997,162,1013,220,0,-4052,-10300,14228,-4815,1325,-235
3845.3599999999997,169,1013,213,0,-3732,-10492,13856,-4631,1504,-230
3845.3599999999997,177,1013,204,0,-3464,-10636,13200,-4504,1514,-259
3860.989,185,1013,196,0,-3056,-10724,12632,-4304,1552,-238
3860.989,193,1013,191,0,-2864,-10688,12132,-3866,1559,-310
3860.989,200,1013,188,0,-2736,-10704,11760,-3232,1485,-311
3876.6150000000002,207,993,182,5,-2596,-10628,11392,-2411,1299,-380
3876.6150000000002,214,960,175,13,-2204,-10596,11616,-1681,1311,-373
3876.6150000000002,220,925,170,15,-1732,-10732,11732,-957,1294,-364
3892.241,226,885,166,16,-1256,-10868,11688,-622,1219,-373
3892.241,233,831,160,23,-812,-10936,11500,-270,1141,-493
3892.241,238,767,155,31,-444,-11036,11620,260,1080,-644
3907.8759999999997,240,709,153,36,64,-11152,11808,516,1048,-716
3907.8759999999997,239,652,150,42,456,-11364,12064,710,881,-770
3907.8759999999997,241,589,146,54,680,-11452,12172,584,921,-729
3923.5009999999997,240,528,142,70,972,-11376,12252,594,1032,-792
3923.5009999999997,237,475,142,84,1416,-11584,12608,428,1320,-859
3923.5009999999997,229,419,142,98,1476,-11532,12196,241,1221,-903
3939.127,221,345,138,119,1620,-11148,12228,-89,1219,-1017
3939.127,216,259,135,140,1624,-10772,11912,-138,1236,-1244
3945.641,209,169,135,158,1720,-10156,12012,-450,1102,-1375
3945.641,206,76,136,174,1712,-9652,11908,-726,1028,-1699
3945.641,206,11,135,196,1672,-9152,11548,-1025,969,-2028
3965.216,209,11,133,217,1684,-8744,11232,-1237,802,-2325
3966.7180000000003,215,11,135,233,1816,-8692,11216,-1516,756,-2629
3966.7180000000003,228,11,137,247,1864,-8700,11016,-1746,765,-2684
3966.7180000000003,250,11,138,264,1828,-8940,11052,-2132,843,-2820
3982.354,272,11,138,280,2088,-9092,10680,-2238,774,-2900
3982.354,292,11,142,289,1956,-9184,11080,-2913,957,-3408
3982.354,312,11,148,295,2252,-9176,10760,-3596,1015,-3817
3997.9719999999998,333,11,151,306,2424,-8984,10692,-4068,961,-4257
3997.9719999999998,353,11,156,315,2256,-8552,11260,-4758,1015,-4758
3997.9719999999998,370,11,164,320,2220,-8436,11012,-5519,1346,-5109
4013.598,388,11,172,324,2160,-8412,11068,-6106,1522,-5363
4013.598,406,11,177,335,2132,-8412,10708,-6563,1596,-5717
4013.598,421,11,181,350,2180,-8384,10564,-7054,1651,-6081
4029.224,432,11,185,365,2124,-8572,10564,-7765,1731,-6627
4029.224,439,11,189,385,2148,-8704,10328,-8222,1944,-6929
4029.224,443,11,189,411,2196,-9124,10448,-8873,2245,-7203
4029.224,442,11,188,439,2312,-9312,10188,-9516,2281,-7557
4045.871,437,11,187,462,2464,-9536,9984,-10269,2372,-7846
4045.871,432,11,183,486,2476,-9856,9836,-10936,2492,-8104
4045.871,426,11,161,514,2376,-10076,9628,-11495,2508,-8382
4061.508,416,11,140,544,2416,-10188,9304,-12112,2594,-8607
4061.508,401,11,129,564,2140,-10156,9064,-12572,2440,-9007
4061.508,380,11,127,581,2052,-9764,8816,-13019,2201,-9505
4077.1360000000004,350,11,125,602,2076,-9448,8856,-13372,2130,-9865
4077.1360000000004,319,11,122,622,1856,-9248,8692,-13601,1922,-10323
4077.1360000000004,291,11,122,640,1660,-9300,7628,-13647,1492,-10814
4092.752,272,11,122,661,1820,-9272,8680,-14936,1906,-10838
4092.752,264,11,122,691,1292,-8988,6732,-14088,775,-11325
4092.752,264,11,122,724,1720,-9716,8376,-15418,1190,-11583
4108.378,266,11,120,753,2368,-9456,8836,-16211,2119,-11683
4108.378,267,11,117,783,1768,-9952,7452,-16098,1672,-11845
4108.378,265,11,111,819,1808,-10156,7708,-15587,1266,-11959
4124.004,248,11,102,853,2112,-10440,7420,-14631,1258,-12362
4124.004,221,11,94,884,2144,-10596,7992,-13757,967,-12769
4124.004,186,11,89,917,1988,-11284,8608,-13222,1046,-13370
4140.211,147,35,79,954,2760,-11664,10456,-13374,1951,-12991
4145.042,108,112,64,992,1848,-11972,7968,-14298,1216,-12490
4150.042,66,225,42,1019,3188,-12120,10824,-15545,3399,-12672
4154.043,27,358,24,1019,3132,-12736,7376,-14813,3701,-12821
4158.045,6,457,35,1019,2268,-12324,7644,-12932,2485,-13555
4166.045999999999,0,529,76,1019,2324,-12680,7732,-11984,2284,-14747
4170.094,0,590,127,1019,2552,-12348,8300,-12833,2477,-15101
4173.82,0,623,177,1019,2712,-12064,8460,-14475,3671,-15295
4178.531999999999,0,608,220,1019,2580,-11212,7932,-15122,3928,-15217
4179.494,0,548,261,1019,2212,-11512,6604,-17039,4263,-15012
4190.533,0,469,298,1019,1888,-11164,6324,-17847,3567,-14729
4193.498,0,371,328,1019,1988,-10056,6500,-18746,4460,-15242
4193.498,0,252,347,1019,2292,-10636,5812,-19543,4736,-15501
4201.173,0,137,354,1019,1992,-9912,4048,-19827,4546,-15540
4210.693,9,43,334,1019,1652,-8420,4844,-19868,4040,-16183
4211.936,52,11,306,1019,2036,-8764,3968,-19744,4302,-16725
4211.936,97,11,284,1019,2004,-8324,3392,-19056,4489,-17398
4223.347000000001,146,11,271,1019,1844,-8484,2524,-18061,3701,-18048
4223.347000000001,192,11,272,1019,2792,-10104,1324,-18258,2750,-18455
4234.759999999999,241,11,273,1019,2728,-9812,2832,-18327,3210,-18209
4234.759999999999,281,11,272,1019,3140,-9796,1732,-18132,3166,-18035
4244.138999999999,305,11,274,1019,3744,-10660,1400,-17579,3010,-17594
4248.509,330,11,277,1019,3820,-11156,1260,-17059,3003,-17560
4256.317,363,11,283,1019,3912,-11564,64,-16087,2616,-17896
4256.317,383,11,291,1019,4848,-12944,-200,-15561,1846,-17909
4256.317,383,11,305,1019,4956,-13608,-904,-13928,1760,-17899
4267.1939999999995,370,11,324,1019,5492,-13776,-632,-12633,1413,-18207
4267.1939999999995,344,11,345,1019,5964,-15708,-2548,-12646,967,-17626
4277.799,315,11,362,1019,6228,-15520,432,-10863,1659,-17128
4277.799,288,11,378,1019,6420,-16100,-1664,-8755,2028,-17272
4288.8099999999995,265,11,396,1019,6984,-17352,-2088,-7075,1755,-17755
4289.67,256,11,413,1019,6872,-18168,-2176,-6159,1255,-17979
4300.056,266,11,427,1019,7216,-17696,-1920,-3942,749,-18211
4300.056,304,11,441,1019,7340,-17628,-2056,-3146,97,-18992
4300.056,343,11,457,1019,7444,-17592,-2640,-1721,-680,-19413
4311.194,378,11,471,1019,8148,-17376,-1024,333,-1244,-18818
4311.194,406,11,480,1019,7668,-17024,-1500,-304,-1935,-19180
4322.726000000001,430,11,488,1019,7556,-15112,-228,1589,-2918,-18111
4322.726000000001,451,11,497,1009,7848,-15108,-272,3358,-3598,-17973
4333.422,482,10,505,995,7656,-13460,1352,5448,-3806,-19035
4333.422,510,11,512,982,7976,-15416,-168,4443,-4290,-19113
4346.298,542,11,517,965,8432,-14080,1060,5794,-4599,-18874
4346.298,578,11,525,940,8432,-13328,868,7337,-4813,-19544
4346.298,609,11,528,915,8496,-13296,1940,7706,-5114,-20124
4355.866,635,11,527,894,8948,-13452,2372,7435,-5135,-20250
4366.324,652,11,522,870,9256,-13140,2488,6919,-5206,-19986
4368.089,663,11,514,840,9616,-12916,3104,6004,-5233,-19902
4368.089,668,11,500,811,9788,-12524,3400,5624,-5181,-19474
4379.415,664,11,478,784,10044,-13324,3716,4954,-4297,-19547
4382.692999999999,651,28,453,754,10148,-12828,4048,4596,-4294,-19684
4390.283,632,100,424,710,10792,-13236,3508,4500,-4058,-19039
4390.283,613,191,382,652,10608,-13696,2428,4795,-4651,-19053
4399.705,592,285,337,599,11076,-13320,3552,4199,-4572,-19311
4403.704000000001,565,383,295,554,11216,-12280,3920,4950,-4541,-19638
4411.736,538,479,261,509,11760,-13228,3440,5024,-4660,-19775
4414.312,511,564,232,471,12596,-12664,3636,5364,-4376,-18839
4414.312,487,645,206,439,12576,-12840,3480,5228,-5078,-18562
4424.619,453,732,183,410,12188,-12668,3772,6146,-5835,-18054
4426.298,409,823,169,377,12672,-12356,4264,5612,-5999,-18306
4434.786,378,912,156,345,12972,-12104,4328,5308,-5786,-18627
4434.786,361,1001,148,318,13264,-13188,3808,4845,-6157,-17779
4444.051,351,1013,145,292,14000,-12284,4716,4852,-6278,-17175
4448.416,343,1013,147,265,13980,-12836,4656,3327,-5619,-16744
4456.321,339,1013,146,251,14344,-12512,3936,4453,-6034,-15613
4456.321,335,1013,133,256,14520,-12704,4412,4049,-6237,-14990
4456.321,328,1013,103,279,15132,-12360,5476,2634,-5414,-15449
4468.526,304,1013,70,315,15360,-12788,3808,3735,-5969,-14372
4477.388999999999,298,1013,41,367,15468,-13264,3792,2631,-6530,-13516
4478.411,296,1013,14,435,15620,-13368,5556,2816,-5890,-13835
4478.411,284,1013,2,510,15920,-14184,4648,3132,-5952,-12181
4489.547,270,1013,2,579,16284,-13436,4676,1715,-5541,-11069
4489.547,258,1013,2,663,16676,-14444,5196,815,-5693,-12021
4500.383,250,1013,2,762,16756,-15148,4988,18,-4846,-12630
4500.383,246,1013,8,874,16808,-15424,3960,-1111,-5493,-12315
4500.383,233,1013,36,986,16760,-15580,4984,-1324,-5701,-11118
4511.514,225,1013,67,1019,17008,-14784,5272,-1200,-6043,-10324
4521.87,219,1008,94,1019,17360,-14788,5068,472,-5965,-8854
4525.129,208,962,117,1019,17164,-16112,5856,-316,-6014,-8595
4525.129,188,894,145,1019,17088,-15452,6440,-1206,-5418,-8423
4533.839999999999,170,789,169,1018,17348,-15728,5960,-875,-5003,-7907
4533.839999999999,158,645,186,1019,17560,-15692,5452,126,-4758,-7149
4547.005999999999,143,505,197,1019,17792,-15592,6828,-402,-3911,-6748
4547.005999999999,127,376,212,1019,17296,-15792,6572,-1423,-3235,-6112
4555.209,123,240,224,1019,16912,-14984,6488,-2009,-2782,-5407
4556.301,129,107,233,1019,16548,-15704,5988,-2336,-2418,-4236
4567.258,126,12,240,1019,16220,-15072,6336,-2598,-1992,-3188
4567.258,116,11,248,1017,15976,-15032,6416,-2853,-1616,-2472
4567.258,112,11,251,1007,15504,-15636,5972,-3363,-1384,-1973
4578.496,136,11,254,991,15180,-15388,5840,-3305,-1407,-1359
4578.496,189,11,269,964,14956,-15648,6048,-4793,-1027,-578
4589.5869999999995,256,11,297,924,14712,-15992,5488,-5400,-831,459
4589.5869999999995,313,11,329,880,14484,-14304,5812,-5927,-653,1205
4599.97,348,11,359,835,13872,-14656,5088,-5910,-398,1387
4599.97,356,11,391,782,13400,-15440,4908,-6681,-36,1686
4611.156,345,11,425,719,13068,-15312,4348,-6931,503,2125
4611.156,328,19,454,654,12652,-15292,3984,-7219,1088,2386
4611.156,325,59,478,589,12540,-15292,3520,-6797,1622,2582
4623.0,321,123,500,520,12476,-14092,3304,-5938,1738,2178
4623.0,315,206,522,445,12320,-13760,3304,-5258,1563,1557
4634.65,314,297,540,370,11804,-13060,2764,-5895,1322,1126
4634.65,325,394,553,295,12156,-12684,3848,-5404,1801,1439
4644.965,344,489,564,217,11784,-12068,2888,-5261,2035,1620
4646.969999999999,374,587,575,133,11792,-11068,3412,-4175,2415,1770
4656.1810000000005,415,686,580,50,11744,-11168,3156,-3249,2605,2007
4656.1810000000005,469,784,578,0,11576,-10716,2920,-2018,2041,2197
4656.1810000000005,525,882,571,0,11084,-10436,2880,-1249,1190,2057
4669.228999999999,566,983,562,0,11036,-10612,3068,-858,649,1892
4669.228999999999,586,1013,553,0,10876,-10516,2988,-632,250,1715
4681.249,591,1014,545,0,10916,-10308,3052,-491,86,1735
4681.249,588,1013,538,0,10932,-10044,2896,18,94,1787
4690.235000000001,577,1013,535,0,10928,-10020,2692,178,129,1785
4690.235000000001,551,1013,531,0,11076,-10020,2964,121,62,1746
4690.235000000001,510,1013,526,0,11140,-10100,2744,114,89,1916
4701.676,461,989,522,0,10952,-10032,2360,293,-335,1943
4710.749,429,870,523,0,10940,-10136,2752,106,-520,1754
4712.027,418,639,524,0,10992,-10192,2584,-147,-516,1674
4712.027,411,422,524,0,11092,-10336,2432,-544,-79,1594
4723.085,410,235,527,0,11156,-10408,1912,-365,163,1766
4723.085,413,66,534,0,11124,-10340,2060,-136,95,1695
4734.68,425,11,540,0,11192,-10420,2184,-85,-86,1541
4734.68,439,11,543,0,11344,-10448,2120,-220,-118,1389
4744.054,448,11,547,0,11492,-10500,2064,-329,53,1408
4747.154,452,11,557,0,11552,-10516,1796,52,-6,1536
4755.172,454,11,567,0,11544,-10672,2092,189,23,1560
4756.303,453,10,571,0,11664,-10764,1928,499,-17,1568
4756.303,448,11,576,0,11808,-10848,1928,753,-111,1510
4767.592,441,15,583,0,11948,-10900,1852,1312,-359,1429
4767.592,438,31,589,0,12032,-10920,1864,1673,-556,1402
4780.4130000000005,437,59,590,0,12184,-10912,2104,1801,-755,1373
4780.89,435,108,590,0,12296,-10892,2200,2028,-955,1420
4792.273,429,178,591,0,12396,-10904,2340,1974,-965,1418
4792.273,424,262,590,0,12528,-10780,2188,2373,-1033,1473
4800.606,422,359,585,0,12652,-10988,2280,2381,-890,1548
4804.606,422,471,581,0,12824,-10728,2432,2335,-814,1612
4809.607,421,600,579,0,12876,-10688,2296,2714,-898,1712
4816.607999999999,422,733,575,0,12936,-10744,2420,2917,-953,1766
4821.6089999999995,426,871,568,0,12908,-10652,2292,3012,-1070,1687
4825.573,435,1012,562,0,13060,-10656,2588,3004,-1154,1737
4829.784,452,1014,559,0,13140,-10552,2540,3013,-1222,1834
4837.097,481,1013,556,0,13184,-10444,2608,3000,-1254,1872
4841.519,513,1013,554,0,13176,-10368,2560,2893,-1237,1954
4845.8730000000005,542,1013,556,0,13256,-10292,2688,2712,-1177,1993
4849.874,566,1014,566,0,13264,-10196,2788,2329,-1164,2007
4853.875999999999,587,1014,575,0,13344,-10072,2876,2079,-1005,2060
4862.308,605,1013,585,0,13384,-9984,2624,2124,-942,2167
4866.33,614,1013,595,8,13424,-9884,2760,1988,-834,2243
4866.33,615,1014,607,18,13488,-9900,2832,1637,-629,2255
4866.33,607,1013,613,36,13524,-9764,2888,1253,-355,2309
4881.956,594,1014,615,59,13580,-9660,2840,1190,-149,2393
4881.956,577,1014,616,82,13592,-9588,2840,1120,19,2451
4881.956,561,1014,620,102,13536,-9612,2844,938,160,2556
4881.956,547,1013,620,127,13504,-9516,2820,609,269,2517
4897.582,535,1013,617,155,13368,-9432,2768,480,316,2606
4897.582,523,1013,617,178,13368,-9376,2792,475,274,2649
4897.582,513,1014,619,197,13276,-9396,2636,542,259,2670
4913.209,505,1013,618,219,13216,-9396,2608,225,165,2668
4913.209,500,1013,614,242,13284,-9252,2752,268,327,2648
4913.209,500,1013,611,261,13340,-9332,2604,164,393,2569
4928.834,509,1013,611,275,13140,-9304,2640,58,459,2547
4928.834,528,1013,606,291,13220,-9252,2632,-17,482,2523
4928.834,577,1014,598,306,13096,-9172,2672,-218,588,2458
4944.58,629,1014,590,316,13076,-9000,2628,-328,735,2317
4948.095,675,1013,584,319,13068,-8916,3108,-593,650,2294
4948.095,715,1014,574,322,12864,-8960,1456,-353,484,2537
4948.095,744,1014,561,323,12912,-8840,3072,-251,512,2335
4963.733,761,1014,547,316,12956,-9044,2900,-1166,835,2210
4963.733,765,1014,535,301,12824,-9396,1788,-577,647,2516
4963.733,762,1014,519,284,12556,-9476,1824,-179,1207,2493
4980.456,751,1014,500,263,12708,-9392,1568,377,1297,1947
4983.798,732,1014,483,232,12872,-8968,1652,2108,71,1291
4983.798,711,1014,469,185,12820,-8844,2464,2245,-797,512
4983.798,689,1014,449,129,12844,-8408,2972,2048,-511,245
4999.434,665,1013,427,83,12744,-8016,2340,2535,-339,496
4999.434,640,1013,407,39,12528,-8092,2788,1764,-112,765
4999.434,614,1014,388,0,12948,-8100,2772,2130,114,1492
5015.061000000001,593,1013,367,0,12708,-8120,2448,1481,-52,1487
5015.061000000001,575,1013,346,0,12592,-8308,2800,1159,24,1305
5015.061000000001,560,1013,326,0,12608,-8444,2292,908,-86,1249
5015.061000000001,546,1014,310,0,12580,-8376,2596,566,27,1052
5030.678,535,1014,292,0,12672,-8320,2244,977,-159,1071
5030.678,525,1014,273,0,12480,-8296,2368,1279,-388,880
5046.304,517,1013,258,0,12428,-8316,2284,1547,-877,671
5048.308999999999,507,1014,246,0,12396,-8232,2672,1462,-1106,421
5048.308999999999,498,1014,234,0,12592,-8284,2800,1129,-905,251
5048.308999999999,489,1013,221,0,12604,-8316,2656,685,-587,215
5067.375,476,1013,212,0,12628,-8356,2748,158,-185,191
5071.375,461,1013,206,0,12556,-8440,2856,-296,102,221
5075.375,447,1013,198,0,12376,-8364,2392,-799,-41,106
5078.937,433,1010,189,0,12496,-8516,3128,-1326,341,32
5078.937,416,1003,181,0,12440,-8420,2228,-1073,74,-40
5092.283,403,995,176,0,12608,-8736,3252,-1391,438,-336
5096.114,391,981,168,3,12536,-8760,1860,-1312,631,-246
5100.545,380,961,159,14,12400,-8744,2428,-1138,230,-397
5100.545,367,941,151,24,12400,-8800,2428,-928,-160,-563
5111.887000000001,355,924,145,33,12464,-8924,2816,-1168,-381,-787
5115.887,343,904,136,46,12440,-8956,2460,-1310,-253,-796
5118.987,331,883,125,62,12476,-8940,2456,-1308,-240,-832
5127.118,317,869,114,75,12412,-9032,2472,-1321,-317,-872
5127.118,302,861,106,83,12500,-9060,2728,-1495,-298,-988
5133.536,291,849,94,97,12504,-9168,2544,-1816,-115,-1099
5133.536,279,837,81,111,12592,-9220,2612,-2030,21,-1123
5144.707,269,823,69,121,12580,-9280,2540,-2273,112,-1070
5152.708,258,810,61,129,12660,-9356,2736,-2517,312,-1084
5157.064,251,792,50,139,12600,-9428,2504,-2618,482,-1156
5161.065,245,769,41,152,12540,-9512,2408,-2576,539,-1172
5165.066000000001,239,744,35,160,12504,-9568,2632,-2624,469,-1284
5167.098,233,717,32,165,12576,-9744,2508,-2645,587,-1290
5167.098,228,684,29,172,12436,-9712,2392,-2455,467,-1345
5167.098,223,646,28,180,12452,-9852,2192,-2011,451,-1468
5182.723,216,606,31,183,12524,-10164,2404,-1958,914,-1635
5182.723,208,565,38,181,12532,-10064,1900,-1216,560,-1804
5198.349999999999,199,519,44,183,12636,-10036,2540,-1002,411,-2215
5201.758,187,467,52,185,12708,-9892,2608,-973,416,-2311
5206.759,167,402,64,182,12728,-9744,2504,-860,397,-2176
5210.776,156,320,78,175,12644,-9584,2636,-639,323,-2120
5212.784,146,247,91,171,12628,-9764,2688,-742,349,-2041
5212.784,146,190,104,169,12632,-9828,2672,-749,271,-1930
5212.784,155,149,119,161,12640,-9928,2684,-719,302,-1783
5228.411,169,124,137,151,12628,-9944,2580,-530,319,-1783
5234.996,181,106,152,144,12612,-10032,2596,-333,232,-1748
5242.997,191,94,167,140,12588,-10076,2712,-332,117,-1805
5244.061000000001,197,86,183,130,12608,-10044,2668,-111,6,-1792
5248.567999999999,204,82,201,119,12624,-10100,2700,-54,-3,-1806
5255.8150000000005,213,76,215,112,12628,-10024,2668,-21,-33,-1767
5255.8150000000005,221,68,230,107,12636,-10072,2856,-71,62,-1697
5266.9439999999995,226,66,246,99,12696,-10060,2772,-98,163,-1645
5266.9439999999995,226,69,262,88,12624,-10112,2684,-130,132,-1622
5266.9439999999995,221,69,275,82,12556,-10108,2688,-171,33,-1564
5280.3589999999995,212,70,287,78,12536,-10076,2780,-136,-59,-1559
5288.490000000001,205,78,299,70,12684,-10152,2736,-255,-100,-1532
5292.49,202,91,312,61,12628,-10216,2684,-234,-35,-1486
5292.7660000000005,199,99,321,57,12704,-10256,2660,-163,-66,-1425
5301.13,201,105,328,55,12588,-10276,2768,-114,-202,-1401
5304.1720000000005,203,112,337,50,12732,-10344,2744,-7,-69,-1440
5311.196,204,118,346,44,12732,-10308,2452,283,-152,-1465
5311.196,207,115,353,43,12588,-10448,2672,382,-220,-1474
5311.196,210,108,358,45,12612,-10348,2820,255,-194,-1479
5323.92,212,103,366,43,12544,-10416,2628,76,-131,-1437
5332.919000000001,212,101,375,40,12460,-10384,2668,60,-285,-1357
5334.558999999999,212,93,382,45,12440,-10344,2640,-45,-395,-1294
5341.575,212,82,388,54,12428,-10316,2752,-99,-410,-1276
5345.276,209,77,397,60,12452,-10352,2608,-95,-400,-1275
5348.78,204,81,407,64,12452,-10412,2636,-97,-322,-1260
5355.455,202,81,415,74,12384,-10440,2560,28,-362,-1176
5355.455,198,82,422,87,12348,-10376,2608,32,-388,-1188
5366.662,194,90,430,97,12284,-10544,2592,17,-382,-1141
5366.662,191,104,440,107,12336,-10500,2648,-14,-372,-1168
5377.844999999999,188,115,447,124,12328,-10532,2664,-87,-252,-1145
5377.844999999999,187,124,453,144,12312,-10484,2532,72,-212,-1094
5377.844999999999,184,136,462,163,12336,-10544,2540,304,-253,-1060
5388.856,184,152,472,180,12328,-10608,2564,414,-251,-1065
5388.856,185,164,479,203,12308,-10600,2596,506,-302,-1073
5403.157,187,173,485,228,12316,-10560,2552,697,-417,-1006
5407.142000000001,189,187,494,247,12304,-10556,2604,764,-516,-1027
5411.331999999999,192,205,504,264,12320,-10616,2620,868,-588,-990
5411.331999999999,196,216,511,284,12336,-10528,2572,1049,-659,-920
5422.217,203,225,517,304,12308,-10580,2592,1125,-730,-925
5422.217,213,238,525,317,12276,-10692,2576,1082,-737,-890
5422.217,218,253,534,327,12268,-10600,2620,992,-761,-879
5434.865000000001,224,265,540,341,12304,-10652,2612,958,-800,-806
5443.996,228,274,544,353,12260,-10688,2476,802,-819,-771
5445.3820000000005,230,287,551,360,12316,-10540,2936,802,-764,-714
5448.8859999999995,231,303,558,363,12364,-10640,2504,846,-754,-731
5455.477,233,314,561,368,12368,-10604,2608,716,-772,-691
5455.477,233,322,562,372,12276,-10632,2632,586,-774,-629
5466.591,234,334,564,371,12328,-10628,2648,556,-822,-624
5466.591,232,348,566,366,12296,-10624,2628,489,-840,-548
5466.591,231,356,563,364,12344,-10600,2644,449,-808,-534
5477.894,233,360,560,362,12332,-10616,2608,316,-735,-497
5488.9169999999995,234,367,557,353,12336,-10616,2676,259,-636,-470
5493.217,235,376,556,341,12356,-10680,2516,255,-580,-424
5493.719999999999,235,379,550,333,12364,-10608,2668,320,-550,-377
5499.98,236,379,542,324,12372,-10612,2604,179,-557,-323
5499.98,236,383,537,309,12368,-10664,2664,142,-537,-294
5511.093,235,389,532,290,12364,-10660,2664,77,-573,-236
5511.093,234,389,522,274,12380,-10612,2696,1,-498,-204
5522.199,232,388,513,258,12408,-10596,2640,-9,-426,-137
5522.199,229,391,505,236,12428,-10648,2612,26,-386,-55
5533.278,227,395,498,209,12376,-10580,2624,44,-411,7
5533.278,224,393,488,184,12488,-10588,2664,63,-423,3
5533.278,222,389,476,154,12492,-10580,2588,107,-415,46
5544.46,219,388,467,110,12500,-10572,2660,118,-377,87
5548.965,216,390,459,61,12488,-10612,2604,93,-263,167
5555.601000000001,214,386,447,24,12536,-10528,2668,21,-241,235
5555.601000000001,213,380,435,0,12488,-10428,2644,-29,-188,304
5566.6359999999995,212,378,425,0,12492,-10372,2556,-6,-178,368
5566.6359999999995,212,378,415,0,12480,-10468,2672,-96,-161,408
5578.774,213,374,402,0,12504,-10412,2632,-98,-175,463
5578.774,215,369,388,0,12556,-10432,2616,-164,-158,461
5578.774,215,369,377,0,12584,-10376,2600,-172,-137,518
5589.486,216,372,366,0,12564,-10464,2588,-116,-142,611
5589.486,218,370,353,0,12628,-10384,2560,0,-172,643
5600.09,221,368,339,0,12592,-10372,2620,33,-159,653
5600.09,223,370,328,0,12556,-10304,2636,92,-182,676
5611.213000000001,224,373,318,0,12620,-10324,2612,124,-247,694
5611.213000000001,227,372,305,0,12620,-10228,2584,153,-252,753
5623.907,230,369,292,0,12640,-10224,2616,154,-209,751
5623.907,233,369,282,0,12620,-10164,2608,180,-182,837
5623.907,235,370,273,0,12708,-10184,2668,175,-166,877
5633.317,239,366,262,0,12628,-10104,2684,178,-159,912
5644.465,242,359,251,0,12660,-10012,2640,144,-122,914
5644.465,245,356,244,0,12624,-10052,2604,137,-144,975
5648.9710000000005,247,355,239,0,12636,-10020,2616,101,-132,943
5656.027,250,348,230,0,12700,-9984,2556,113,-122,982
5656.027,253,341,223,0,12732,-9956,2596,149,-123,1036
5666.869000000001,255,337,220,0,12644,-9920,2632,96,-123,1024
5666.869000000001,257,335,218,1,12728,-9860,2632,79,-83,1032
5677.325,260,329,213,9,12700,-9828,2600,60,-67,1073
5677.826,264,324,209,20,12732,-9816,2588,-16,-43,1056
5689.633,266,322,209,29,12712,-9832,2624,-39,-8,1044
5689.633,271,321,211,39,12752,-9800,2608,-91,23,1079
5689.633,277,316,210,55,12776,-9760,2604,-131,44,1073
5700.013,283,310,210,74,12724,-9780,2608,-142,42,1064
5700.013,287,307,213,90,12772,-9736,2512,-187,72,1043
5714.457,289,305,218,106,12748,-9668,2584,-152,86,1035
5714.797,293,299,219,128,12768,-9668,2572,-187,134,985
5722.371,294,293,221,151,12728,-9664,2556,-131,128,1026
5722.371,295,290,225,172,12756,-9632,2572,-184,165,990
5733.487,295,290,232,192,12712,-9672,2568,-170,189,970
5733.487,296,285,234,217,12708,-9612,2544,-201,195,945
5733.487,297,281,236,243,12808,-9576,2552,-259,234,956
5746.635,297,282,241,265,12844,-9584,2504,-239,246,959
5749.148,297,284,247,287,12816,-9544,2472,-262,229,957
5757.014,299,283,248,313,12812,-9520,2616,-298,230,955
5757.014,300,282,248,339,12832,-9552,2464,-302,255,904
5766.740000000001,300,287,252,360,12804,-9580,2516,-219,200,899
5766.740000000001,300,293,257,381,12844,-9524,2500,-221,204,894
5777.853999999999,301,295,259,404,12820,-9416,2536,-169,214,868
5777.853999999999,300,298,260,427,12840,-9500,2472,-160,178,827
5777.853999999999,299,306,263,445,12812,-9424,2564,-204,208,781
5788.954000000001,298,316,267,461,12776,-9380,2480,-218,230,782
5788.954000000001,300,322,267,481,12800,-9456,2508,-304,353,753
5799.915999999999,303,331,266,500,12736,-9384,2532,-353,414,722
5799.915999999999,304,345,267,513,12712,-9388,2448,-294,403,745
5811.084,308,360,267,525,12732,-9396,2444,-268,291,723
5811.084,312,372,262,541,12724,-9404,2432,-239,197,693
5822.15,315,384,256,555,12688,-9396,2440,-288,129,625
5822.15,318,401,253,564,12732,-9352,2452,-197,66,593
5833.209,320,419,250,571,12724,-9372,2444,-177,78,584
5837.39,321,432,244,583,12792,-9360,2416,-51,71,591
5837.39,322,446,238,593,12648,-9364,2472,-15,36,541
5849.201,321,463,237,598,12760,-9392,2468,7,2,469
5849.201,318,480,236,603,12708,-9400,2396,44,-29,404
5856.205,315,493,233,611,12700,-9364,2440,49,5,354
5856.205,312,506,231,618,12732,-9400,2540,68,37,283
5867.343,308,524,233,620,12720,-9392,2432,-53,148,252
5867.343,306,540,234,621,12668,-9324,2424,-15,39,250
5878.274,305,553,232,626,12680,-9360,2340,4,154,240
5878.274,304,566,231,630,12704,-9440,2252,-65,244,153
5878.274,303,580,234,628,12600,-9404,2244,95,-83,199
5893.442,304,594,237,627,12632,-9420,2616,-85,-199,26
5893.442,305,603,237,629,12680,-9380,2412,-80,-256,-14
5902.655000000001,309,609,236,631,12716,-9384,2352,-13,-193,-33
5906.656,308,619,239,628,12720,-9356,2396,26,-186,-33
5914.853,307,627,242,626,12700,-9512,2528,24,-185,-43
5918.853999999999,307,630,241,628,12736,-9440,2528,-7,-142,-128
5923.127,306,632,241,630,12680,-9532,2464,-59,-11,-149
5927.1269999999995,305,639,244,627,12672,-9588,2456,-85,54,-170
5932.911,304,644,247,625,12620,-9576,2468,-174,72,-222
5932.911,303,646,246,629,12660,-9588,2488,-236,106,-271
5932.911,304,647,245,632,12668,-9632,2448,-266,165,-302
5932.911,303,652,246,630,12616,-9608,2412,-400,208,-315
5949.041,303,654,247,630,12648,-9628,2508,-347,218,-311
5949.041,304,651,244,634,12608,-9656,2408,-336,143,-350
5964.668,305,647,239,637,12580,-9668,2432,-294,30,-378
5964.668,304,645,236,636,12612,-9672,2404,-233,-66,-425
5964.668,303,643,232,635,12636,-9752,2408,-190,-93,-493
5980.295,304,636,224,638,12616,-9740,2416,-40,-104,-475
5980.295,303,627,217,641,12628,-9780,2484,-59,-79,-542
5980.295,302,622,213,639,12656,-9820,2552,-110,-10,-540
5980.295,301,616,208,638,12612,-9812,2492,-140,38,-555
5997.0,299,606,201,641,12580,-9816,2468,-166,95,-565
6000.436,298,597,195,644,12624,-9800,2508,-235,126,-563
6000.436,295,592,193,642,12584,-9836,2616,-265,153,-582
6000.436,294,587,190,640,12584,-9844,2528,-270,155,-583
6016.063,292,578,184,644,12548,-9932,2524,-333,130,-604
6016.063,290,568,180,645,12584,-9896,2552,-335,46,-596
6016.063,285,562,178,643,12548,-9876,2552,-316,-30,-582
6031.689,280,554,177,641,12536,-9908,2556,-277,-53,-618
6031.689,277,542,174,644,12584,-9900,2528,-252,-68,-602
6031.689,273,529,171,646,12512,-9956,2524,-268,-68,-619
6049.34,270,519,172,642,12548,-9928,2548,-281,-48,-607
6051.3589999999995,266,509,172,641,12560,-9988,2496,-271,-42,-598
6051.3589999999995,263,495,169,642,12604,-9972,2456,-217,-61,-594
6061.403,262,483,167,643,12544,-10052,2528,-258,-20,-606
6069.473,260,474,168,642,12548,-10008,2504,-130,-69,-593
6071.486,259,464,167,647,12564,-10032,2628,-175,-35,-570
6071.486,260,452,163,660,12588,-10124,2496,-100,-33,-540
6081.52,261,440,161,677,12528,-10112,2568,-103,-92,-553
6089.584999999999,262,431,161,691,12544,-10124,2532,-29,-127,-543
6089.584999999999,263,420,160,709,12536,-10100,2500,59,-222,-531
6099.588,266,406,158,731,12536,-10108,2560,109,-265,-571
6099.588,268,393,156,752,12504,-10144,2576,155,-295,-537
6099.588,268,382,158,767,12512,-10152,2548,220,-341,-496
6115.219,270,371,158,784,12492,-10132,2560,115,-269,-491
6115.219,273,357,156,803,12524,-10176,2528,133,-198,-478
6115.219,276,345,156,819,12496,-10140,2456,149,-164,-443
6115.219,276,336,158,829,12536,-10116,2512,103,-198,-414
6130.845,279,327,160,839,12520,-10096,2584,109,-228,-409
6130.845,281,316,160,851,12568,-10136,2488,170,-284,-399
6130.845,284,306,160,860,12536,-10176,2560,199,-360,-382
6147.145,284,299,164,862,12544,-10236,2564,185,-352,-366
6147.145,286,291,167,865,12596,-10200,2552,243,-348,-355
6160.2,287,280,167,869,12624,-10228,2588,242,-360,-354
6164.201,288,270,167,870,12600,-10252,2560,289,-394,-352
6169.073,288,263,170,864,12636,-10236,2664,272,-371,-335
6173.003,288,256,171,858,12608,-10260,2588,244,-330,-341
6178.109,289,246,169,855,12600,-10224,2612,234,-296,-316
6178.109,290,238,168,847,12612,-10264,2644,141,-232,-309
6178.109,289,234,169,833,12536,-10188,2584,118,-189,-258
6193.956,291,230,170,820,12508,-10240,2636,78,-178,-229
6194.969,293,223,168,809,12416,-10192,2624,3,-157,-195
6199.473,295,218,167,795,12476,-10224,2576,-27,-201,-158
6199.473,297,216,170,776,12440,-10184,2624,-43,-200,-113
6199.473,299,213,172,757,12436,-10244,2544,14,-220,-99
6215.101,303,207,173,740,12484,-10156,2592,69,-246,-83
6215.101,305,201,174,722,12508,-10164,2580,104,-251,-106
6230.727,305,200,180,698,12492,-10152,2564,148,-276,-108
6230.727,306,197,184,677,12536,-10108,2604,132,-259,-101
6230.727,308,191,188,658,12560,-10168,2632,184,-222,-76
6230.727,310,185,192,637,12544,-10148,2584,177,-181,-45
6246.354,311,184,201,611,12536,-10152,2552,135,-174,-45
6246.354,313,182,208,588,12572,-10168,2708,115,-155,-20
6246.354,316,178,214,568,12552,-10116,2636,77,-147,-35
6261.9800000000005,318,174,221,547,12624,-10084,2608,56,-118,-31
6261.9800000000005,320,173,230,521,12572,-10124,2684,60,-80,-18
6261.9800000000005,323,172,239,499,12612,-10056,2588,89,-72,9
6277.606,325,166,246,480,12572,-10092,2632,103,-45,17
6277.606,327,162,254,460,12636,-10032,2652,87,-117,38
6277.606,329,161,265,436,12560,-10016,2644,65,-100,69
6293.232,331,159,275,416,12612,-9912,2616,68,-108,72
6299.736,333,154,283,399,12540,-10000,2580,65,-77,110
6299.736,334,149,291,381,12620,-9976,2540,181,-31,115
6299.736,335,150,303,360,12620,-10040,2524,145,-91,138
6315.378,334,148,314,342,12664,-9984,2580,219,-181,124
6315.378,335,144,323,328,12616,-9980,2552,312,-230,96
6315.378,335,142,333,313,12636,-9960,2584,336,-233,122
6315.378,333,144,345,294,12652,-9904,2596,414,-259,145
6330.999000000001,333,144,355,279,12640,-9904,2656,481,-289,141
6330.999000000001,332,142,363,268,12664,-9964,2640,495,-291,169
6330.999000000001,331,140,371,256,12620,-9912,2584,542,-332,199
6346.617,329,142,382,241,12584,-9932,2696,461,-357,187
6350.524,327,141,391,229,12636,-9936,2640,360,-352,169
6350.524,327,138,398,220,12628,-9832,2600,290,-344,185
6350.524,325,136,406,211,12692,-9852,2592,243,-315,221
6366.149,323,138,416,197,12572,-9828,2620,185,-263,233
6366.149,320,137,424,188,12544,-9772,2548,154,-232,238
6366.149,319,135,430,182,12536,-9848,2540,94,-236,193
6381.774,317,134,437,173,12636,-9736,2592,81,-197,194
6381.774,314,138,447,161,12636,-9820,2568,55,-136,163
6381.774,313,140,453,152,12656,-9756,2536,32,-117,163
6397.401000000001,311,140,459,146,12660,-9828,2552,-4,-64,156
6399.905000000001,309,140,465,138,12652,-9788,2576,-11,-35,182
6399.905000000001,308,144,474,126,12700,-9760,2580,-57,-2,164
6399.905000000001,306,145,480,117,12652,-9844,2540,-33,-8,167
6415.532,306,143,485,111,12700,-9740,2584,-36,-41,162
6415.532,306,142,490,103,12700,-9772,2548,-18,-42,142
6431.159,306,145,498,91,12748,-9756,2520,-20,-47,122
6431.159,306,146,504,82,12740,-9784,2528,27,-61,149
6431.159,308,143,508,77,12660,-9796,2532,34,-40,133
6431.159,310,141,513,68,12656,-9800,2556,46,-55,79
6446.785,311,143,519,55,12708,-9768,2556,43,-53,89
6446.785,312,143,522,46,12692,-9748,2528,69,-58,57
6446.785,314,140,523,40,12652,-9712,2496,108,-54,62
6462.411,315,138,524,31,12636,-9672,2532,96,-57,58
6462.411,315,141,527,19,12684,-9700,2500,67,-22,66
6462.411,315,141,528,10,12608,-9724,2520,68,10,61
6480.127,316,140,526,5,12648,-9676,2552,97,-14,60
6480.127,316,139,524,0,12644,-9752,2472,77,-31,41
6480.127,315,143,526,0,12676,-9700,2468,52,-34,8
6480.127,314,144,525,0,12668,-9700,2532,48,-44,33
0,0,0,0,0,0,0,0,0,0,0
